image,plate
20210106_151120.jpg,١٧٦٣٦س٦٢
20210106_151126.jpg,٧٢٤٣٦ط٩٤
20210106_153623.jpg,٤٧٥٣٦و٢٤
20210106_153659.jpg,٤٦٧٧٤ق٧٨
20210106_153721.jpg,١٣٥٧٤ب٩٢
20210106_155423.jpg,٢٦٧١٢و٥٢
20210106_155431.jpg,٢٢٣٧٤ه٨٦
20210106_155446.jpg,٦٥٣١٢ی٤٢
20210106_155455.jpg,٧٩٣١٢ه٢٩
20210106_155503.jpg,٨٩١٧٤ه٣٥
20210106_163642.jpg,١٨٥٩٩ج٢٧
20210106_163651.jpg,٦٣٤٧٤ق٣٣
20210106_163658.jpg,٨٥١١٢ن٢٨
20210106_163721.jpg,٤٧٤١٢و٦٥
20210106_163737.jpg,٨٥٧٧٤و٢٧
20210106_163749.jpg,٤٧١٤٥ب٧١
20210106_163805.jpg,٤٧٣٣٦و٢٨
20210106_163817.jpg,٢٨٤٤٢ج٩٩
20210106_163828.jpg,٤١٨٧٤ب٩٧
20210106_163842.jpg,٢٣٦٧٤ق٦٤
20210106_163846.jpg,٧٨٤١٢ص٢٧
20210106_163857.jpg,١٤٦٧٤و٢٨
20210106_163912.jpg,١٢٣٤٢ه٧٤
20210106_163927.jpg,٩٦١٣٦ج٤٢
20210106_163950.jpg,١١٢٧٤ن٧٦
20210106_164013.jpg,٩٢٧١٢ص٨٨
20210106_164024.jpg,٧٦٤١٢ط٥٣
20210106_164035.jpg,١٦٦١٢د٧٩
20210106_164048.jpg,٤٤١١٢ج٣١
20210106_164058.jpg,٧٦٨١٢ق١٣
20210106_164110.jpg,٩٥٧٣٦ب١٣
20210106_164122.jpg,٧٩٦٣٢ل٥٢
20210106_164134.jpg,٨٣٢٤٥س١٨
20210106_164143.jpg,٩٨٣١٢س٦٤
20210106_164158.jpg,٦١١١٢ق٧٧
20210106_164206.jpg,٣٧٥٧٤ب٢٢
20210106_164216.jpg,٧٩٣١٢و٥٥
20210106_164237.jpg,٨٧٦٣٢ب٩٩
20210106_164248.jpg,٩٨٣٣٦ب٤٩
20210106_164303.jpg,٨٤٣٧٤م٢٢
20210106_164311.jpg,٨١٧٤٢و٨٤
20210106_164318.jpg,٢١٥٤٢و٤٧
20210106_164322.jpg,٩٢٧١٢د٩٢
20210106_164344.jpg,٢٣٢٤٢ج٦٥
20210106_164425.jpg,٥٢٥٣٦ی٢٤
20210106_164508.jpg,٤٨٧٣٦د٤٨
20210106_164527.jpg,٤١١٣٦ب٨٧
20210106_164543.jpg,٣٣٨٧٤د٦٥
20210106_164550.jpg,٩٣٦٧٤د١٧